Type,Name,Request Count,Failure Count,Median Response Time,Average Response Time,Min Response Time,Max Response Time,Average Content Size,Requests/s,Failures/s,50%,66%,75%,80%,90%,95%,98%,99%,99.9%,99.99%,100%
GET,[AUTH] Get Login Page,100,0,2100.0,2092.4359489996277,2032.3993000056362,2549.735499997041,12662.0,0.6814899639897654,0.0,2100,2100,2100,2100,2100,2500,2500,2500,2500,2500,2500
POST,[AUTH] Login POST,100,82,120000.0,98665.62056600032,159.64610000082757,120534.34820000257,10898.78,0.6814899639897654,0.5588217704716076,120000,120000,120000,120000,120000,120000,121000,121000,121000,121000,121000
,Aggregated,200,82,2500.0,50379.02825749996,159.64610000082757,120534.34820000257,11780.39,1.3629799279795307,0.5588217704716076,2500,120000,120000,120000,120000,120000,120000,121000,121000,121000,121000
