Type,Name,Request Count,Failure Count,Median Response Time,Average Response Time,Min Response Time,Max Response Time,Average Content Size,Requests/s,Failures/s,50%,66%,75%,80%,90%,95%,98%,99%,99.9%,99.99%,100%
GET,[AUTH] Get Login Page,100,0,2100.0,2086.508025000221,2029.2663000000175,2203.319599997485,12662.0,3.5566154718773215,0.0,2100,2100,2100,2100,2100,2100,2200,2200,2200,2200,2200
POST,[AUTH] Login POST,100,0,2300.0,2256.48264700023,1548.401099993498,2748.561400003382,0.0,3.5566154718773215,0.0,2300,2400,2500,2500,2600,2600,2700,2700,2700,2700,2700
,Aggregated,200,0,2100.0,2171.4953360002255,1548.401099993498,2748.561400003382,6331.0,7.113230943754643,0.0,2100,2200,2300,2400,2500,2600,2600,2700,2700,2700,2700
