Type,Name,Request Count,Failure Count,Median Response Time,Average Response Time,Min Response Time,Max Response Time,Average Content Size,Requests/s,Failures/s,50%,66%,75%,80%,90%,95%,98%,99%,99.9%,99.99%,100%
GET,[AUTH] Get Login Page,20,0,2100.0,2062.4244500002533,2038.9462000021012,2125.0531999976374,12662.0,1.6243997364976186,0.0,2100,2100,2100,2100,2100,2100,2100,2100,2100,2100,2100
POST,[AUTH] Login POST,20,0,930.0,955.319809998764,795.8978999959072,1218.2743000012124,0.0,1.6243997364976186,0.0,940,950,1000,1000,1200,1200,1200,1200,1200,1200,1200
,Aggregated,40,0,1200.0,1508.8721299995086,795.8978999959072,2125.0531999976374,6331.0,3.248799472995237,0.0,2000,2100,2100,2100,2100,2100,2100,2100,2100,2100,2100
