Type,Name,Request Count,Failure Count,Median Response Time,Average Response Time,Min Response Time,Max Response Time,Average Content Size,Requests/s,Failures/s,50%,66%,75%,80%,90%,95%,98%,99%,99.9%,99.99%,100%
GET,[AUTH] Get Login Page,20,0,2074.8957000032533,2054.094525000255,2029.761800004053,2074.8957000032533,12662.0,1.649258466489145,0.0,2100,2100,2100,2100,2100,2100,2100,2100,2100,2100,2100
POST,[AUTH] Login POST,20,0,860.0,866.6484250003123,780.3027000045404,984.775199991418,0.0,1.649258466489145,0.0,870,890,910,960,970,980,980,980,980,980,980
,Aggregated,40,0,980.0,1460.3714750002837,780.3027000045404,2074.8957000032533,6331.0,3.29851693297829,0.0,2000,2000,2100,2100,2100,2100,2100,2100,2100,2100,2100
