Type,Name,Request Count,Failure Count,Median Response Time,Average Response Time,Min Response Time,Max Response Time,Average Content Size,Requests/s,Failures/s,50%,66%,75%,80%,90%,95%,98%,99%,99.9%,99.99%,100%
GET,[AUTH] Get Login Page,20,0,2100.0,2121.2999900024442,2045.3777000075206,2604.3834000010975,12662.0,1.7921131501128011,0.0,2100,2100,2100,2100,2600,2600,2600,2600,2600,2600,2600
,Aggregated,20,0,2100.0,2121.2999900024442,2045.3777000075206,2604.3834000010975,12662.0,1.7921131501128011,0.0,2100,2100,2100,2100,2600,2600,2600,2600,2600,2600,2600
