Type,Name,Request Count,Failure Count,Median Response Time,Average Response Time,Min Response Time,Max Response Time,Average Content Size,Requests/s,Failures/s,50%,66%,75%,80%,90%,95%,98%,99%,99.9%,99.99%,100%
GET,[AUTH] Get Login Page,50,0,2400.0,2356.0780259993044,2084.452199997031,2666.208499998902,12662.0,3.2222985953901424,0.0,2400,2400,2500,2500,2600,2600,2700,2700,2700,2700,2700
POST,[AUTH] Login POST,16,0,11000.0,11511.695806249918,10030.75340000214,12979.314999989583,0.0,1.0311355505248454,0.0,12000,12000,13000,13000,13000,13000,13000,13000,13000,13000,13000
,Aggregated,66,0,2400.0,4575.621730302483,2084.452199997031,12979.314999989583,9592.424242424242,4.253434145914988,0.0,2400,2500,2700,10000,12000,13000,13000,13000,13000,13000,13000
