Type,Name,Request Count,Failure Count,Median Response Time,Average Response Time,Min Response Time,Max Response Time,Average Content Size,Requests/s,Failures/s,50%,66%,75%,80%,90%,95%,98%,99%,99.9%,99.99%,100%
GET,[AUTH] Get Login Page,100,0,2100.0,2069.413705998886,2039.2376000090735,2167.944200002239,12662.0,0.7109223278121678,0.0,2100,2100,2100,2100,2100,2100,2100,2200,2200,2200,2200
POST,[AUTH] Login POST,100,80,120000.0,92970.94495799986,237.4917999986792,128853.37670000445,10749.28,0.7109223278121678,0.5687378622497343,120000,121000,121000,125000,127000,128000,129000,129000,129000,129000,129000
,Aggregated,200,80,2100.0,47520.17933199938,237.4917999986792,128853.37670000445,11705.64,1.4218446556243356,0.5687378622497343,2100,120000,120000,121000,125000,127000,129000,129000,129000,129000,129000
