Type,Name,Request Count,Failure Count,Median Response Time,Average Response Time,Min Response Time,Max Response Time,Average Content Size,Requests/s,Failures/s,50%,66%,75%,80%,90%,95%,98%,99%,99.9%,99.99%,100%
GET,[AUTH] Get Login Page,20,0,2100.0,2057.9210099997,2029.913199978182,2153.6371000111103,12662.0,1.6090022714672685,0.0,2100,2100,2100,2100,2100,2200,2200,2200,2200,2200,2200
POST,[AUTH] Login POST,20,0,1600.0,1594.3745250056963,1316.7212000116706,1985.8711000124458,0.0,1.6090022714672685,0.0,1600,1700,1800,1800,1900,2000,2000,2000,2000,2000,2000
,Aggregated,40,0,2000.0,1826.1477675026981,1316.7212000116706,2153.6371000111103,6331.0,3.218004542934537,0.0,2000,2100,2100,2100,2100,2100,2200,2200,2200,2200,2200
