Type,Name,Request Count,Failure Count,Median Response Time,Average Response Time,Min Response Time,Max Response Time,Average Content Size,Requests/s,Failures/s,50%,66%,75%,80%,90%,95%,98%,99%,99.9%,99.99%,100%
GET,[AUTH] Get Login Page,50,0,2100.0,2117.8802520001773,2047.8913000115426,2328.229200007627,12662.0,3.512397874217068,0.0,2100,2100,2100,2100,2200,2200,2300,2300,2300,2300,2300
POST,[AUTH] Login POST,39,39,68,72.24147179602788,44.739100005244836,129.51990000146907,12832.0,2.739670341889313,2.739670341889313,68,75,85,87,95,100,130,130,130,130,130
,Aggregated,89,39,2100.0,1221.4767415736399,44.739100005244836,2328.229200007627,12736.494382022473,6.252068216106381,2.739670341889313,2100,2100,2100,2100,2100,2200,2200,2300,2300,2300,2300
