Type,Name,Request Count,Failure Count,Median Response Time,Average Response Time,Min Response Time,Max Response Time,Average Content Size,Requests/s,Failures/s,50%,66%,75%,80%,90%,95%,98%,99%,99.9%,99.99%,100%
GET,[AUTH] Get Login Page,20,0,2100.0,2111.885454998992,2033.2607999880565,2558.403399991221,12662.0,0.1523223056436301,0.0,2100,2100,2100,2100,2400,2600,2600,2600,2600,2600,2600
POST,[AUTH] Login POST,20,20,120134.33870000881,120203.02984499795,120134.33870000881,120442.91139999405,13271.0,0.1523223056436301,0.1523223056436301,120000,120000,120000,120000,120000,120000,120000,120000,120000,120000,120000
,Aggregated,40,20,2600.0,61157.45764999847,2033.2607999880565,120442.91139999405,12966.5,0.3046446112872602,0.1523223056436301,120000,120000,120000,120000,120000,120000,120000,120000,120000,120000,120000
