Type,Name,Request Count,Failure Count,Median Response Time,Average Response Time,Min Response Time,Max Response Time,Average Content Size,Requests/s,Failures/s,50%,66%,75%,80%,90%,95%,98%,99%,99.9%,99.99%,100%
GET,[AUTH] Get Login Page,50,0,2100.0,2203.165680000093,2035.5405000009341,3050.4054999910295,12662.0,0.3697828175532551,0.0,2100,2100,2100,2300,2700,3000,3100,3100,3100,3100,3100
POST,[AUTH] Login POST,50,20,7000.0,50615.573605999816,1318.8718000019435,120607.82360000303,5308.4,0.3697828175532551,0.14791312702130202,7300,120000,120000,120000,120000,121000,121000,121000,121000,121000,121000
,Aggregated,100,20,2100.0,26409.369642999955,1318.8718000019435,120607.82360000303,8985.2,0.7395656351065102,0.14791312702130202,2100,4700,7300,120000,120000,120000,121000,121000,121000,121000,121000
