Type,Name,Request Count,Failure Count,Median Response Time,Average Response Time,Min Response Time,Max Response Time,Average Content Size,Requests/s,Failures/s,50%,66%,75%,80%,90%,95%,98%,99%,99.9%,99.99%,100%
GET,[AUTH] Get Login Page,50,0,2100.0,2074.0084640018176,2023.2898000103887,2382.2495999920648,12662.0,3.4038262759101956,0.0,2100,2100,2100,2100,2100,2200,2400,2400,2400,2400,2400
POST,[AUTH] Login POST,50,0,760.0,795.609138001164,585.1494000089588,1151.4666000002762,0.0,3.4038262759101956,0.0,760,800,860,960,1000,1100,1200,1200,1200,1200,1200
,Aggregated,100,0,1200.0,1434.8088010014908,585.1494000089588,2382.2495999920648,6331.0,6.807652551820391,0.0,2000,2100,2100,2100,2100,2100,2300,2400,2400,2400,2400
