Type,Name,Request Count,Failure Count,Median Response Time,Average Response Time,Min Response Time,Max Response Time,Average Content Size,Requests/s,Failures/s,50%,66%,75%,80%,90%,95%,98%,99%,99.9%,99.99%,100%
GET,[AUTH] Get Login Page,50,0,2100.0,2127.2577379987342,2063.5203999991063,2305.3414999885717,12662.0,3.511307323023139,0.0,2100,2100,2100,2100,2200,2300,2300,2300,2300,2300,2300
,Aggregated,50,0,2100.0,2127.2577379987342,2063.5203999991063,2305.3414999885717,12662.0,3.511307323023139,0.0,2100,2100,2100,2100,2200,2300,2300,2300,2300,2300,2300
