Type,Name,Request Count,Failure Count,Median Response Time,Average Response Time,Min Response Time,Max Response Time,Average Content Size,Requests/s,Failures/s,50%,66%,75%,80%,90%,95%,98%,99%,99.9%,99.99%,100%
GET,[AUTH] Get Login Page,20,0,2100.0,2083.993344997725,2042.7649000048405,2250.066099994001,12662.0,1.657534421973409,0.0,2100,2100,2100,2100,2200,2300,2300,2300,2300,2300,2300
POST,[AUTH] Login POST,20,0,930.0,937.321524998697,776.7672999907518,1273.644000000786,0.0,1.657534421973409,0.0,930,980,1000,1000,1200,1300,1300,1300,1300,1300,1300
,Aggregated,40,0,1300.0,1510.657434998211,776.7672999907518,2250.066099994001,6331.0,3.315068843946818,0.0,2000,2100,2100,2100,2100,2200,2300,2300,2300,2300,2300
