Type,Name,Request Count,Failure Count,Median Response Time,Average Response Time,Min Response Time,Max Response Time,Average Content Size,Requests/s,Failures/s,50%,66%,75%,80%,90%,95%,98%,99%,99.9%,99.99%,100%
GET,[AUTH] Get Login Page,50,0,2100.0,2090.0047359993914,2034.8183999885805,2131.417100012186,12662.0,3.532040774211012,0.0,2100,2100,2100,2100,2100,2100,2100,2100,2100,2100,2100
POST,[AUTH] Login POST,32,32,70,76.09957812519497,25.925200010533445,126.55070000619162,12837.0,2.2605060954950478,2.2605060954950478,77,94,100,100,110,120,130,130,130,130,130
,Aggregated,82,32,2100.0,1304.0905280484856,25.925200010533445,2131.417100012186,12730.292682926829,5.79254686970606,2.2605060954950478,2100,2100,2100,2100,2100,2100,2100,2100,2100,2100,2100
