Type,Name,Request Count,Failure Count,Median Response Time,Average Response Time,Min Response Time,Max Response Time,Average Content Size,Requests/s,Failures/s,50%,66%,75%,80%,90%,95%,98%,99%,99.9%,99.99%,100%
GET,[AUTH] Get Login Page,20,0,2100.0,2075.412840001809,2047.3108000005595,2234.380099995178,12662.0,1.653521616661086,0.0,2100,2100,2100,2100,2200,2200,2200,2200,2200,2200,2200
POST,[AUTH] Login POST,20,0,950.0,967.6250500000606,823.8497999991523,1253.2600999984425,0.0,1.653521616661086,0.0,950,960,970,980,1300,1300,1300,1300,1300,1300,1300
,Aggregated,40,0,1300.0,1521.5189450009348,823.8497999991523,2234.380099995178,6331.0,3.307043233322172,0.0,2000,2100,2100,2100,2100,2200,2200,2200,2200,2200,2200
